"6nhknNkC529A1JjexmrgkamppfB9bz9ZNtvfyvrJAmVk,10000000"
"FNiR36bVjKF9AZBoeq6EAypTydpbnPKD5MC27uGK6cwt,10000000"
"BjsSXMdEmq2jvsmpRMfajV2frLFFK9ME3nnHjsk6eCwZ,10000000"
"9xRENJKSQFM9MzTVLv1rHdwKyVymhQ7sYTYTPcEmU9gd,10000000"
"4n1MW4HnZ8MaNrDDsfakubDzzTSdUx1ASLo21aYiWEvP,10000000"
"8fcpgmzuMjPy4XdYhgbUiZrHMSVRKHgy7rg9FGWdVGWR,10000000"
"7fEpZ3c156XRCoDxsQ75f5JpkfUFJJPZ1DKefq9w1eDJ,10000000"
"D7DwnJde9KyPMLfZJf4G3XB4Sd8UB1q6QpBrUT5CuRQL,10000000"
"9qxLHKdZpSqGJQNtj1at7pqLBuyZpdaA5E7PENagGqp4,10000000"
"7hfY34Jvxfs7Jr88WLQbLpjpj4KHt2YsjZYeuRLcLja8,10000000"
"7VqBkCNvnrs3pedigX5jtS3uEDFV9knePLw2QuhmPLuQ,10000000"
"6KopWPPr2657XXMQFcLzro5gjKFiuxb1wKYsYNyNLySy,10000000"
"GTfY1hPt4wnvjzBSDk8DDjGLz34UyYgBgCfEYMPALV2T,10000000"
"AXFCgchDhxMb6ShaHEhnhTFr6iMcg6ZSedm8EzHZ7QdE,10000000"
"2MrQJoUqtV5ioPftXS9YWW5r6LsNi52dTXDU3cPdZ2Xa,10000000"
"FTjPk38bPGdmMzQruPfd123fRBBXtxe68TEdoYxjZ921,10000000"
"5QRycv36U4mVNKAhEEdYmyA81zjmXYND36EUSeWEojj3,10000000"
"9tbjYmqQHNEo5mbMJ7VNJptLuQKWmvWSf6V26nkP2bqv,10000000"
"CyKrk8PRPQ1f4vLzZWFgeLMnbs1k3YU4LrMmT5TkrLNo,10000000"
"G1PKehcrWFyvLnzomFyXJffrLWa4Ktqzecyqz1Vv15uB,10000000"
"6nt2vLMQ9DQAef9VvG2J7xcNgpMzRf2tdgQ4Bzge1hEt,10000000"
"4aXo1vhEHsdA2UeM8KQt9bX1mFBCEaVXW9HeLGyRsmVF,10000000"
"FAooUgDY46h7HBmv99DdFYaKAFd4Wg71zG9sqWFatTcX,10000000"
"FVRHaSDdsthJD1E2ym1B45AHmNvpy7RhdfD4YVhWrzCN,10000000"
"Qz3cG4g8YpRTCGFNndC7AeKTPs9jtJoTbXgns6nVgMw,10000000"
"CRQbArGoJUGi7Aho7XhvrthPk6Ej6cchHVT98NuZ7NSf,10000000"
"97bmQShxBjoekG21AXDVyhsU8whnZRmzfJaYtSteBmnG,10000000"
"75Fq77HB4frtnsWvVutZrNPxygdJsc78ZwhMfuko3das,10000000"
"6h26EJjhriZjVKXjmXBxY9rpoXxKJTfxP8cxLRUnWFxz,10000000"
"DQkvxVj3LbjVJHTcCEAif3sosyd4aiXWr3WFTU6M4N1,10000000"
"36UCEEMFjMruFT1BfRQbbfXJE5X3kKK96Usgb5tm7cy6,10000000"
"CwCNYEj4oEf9suyXhcW1bm3HCyN7C1vfdPX3KZdcsB95,10000000"
"B6cbn2zZA8ff3yBc89pdNMT8u5Gi9cAqwkroFs4pUFDP,10000000"
"5CrNMsjzKvzWrLBsU3q57inRJcQ2H8YfT3yBy1owsoi,10000000"
"BTM3oCaSWqEMtkDttt6aMEPcWGBo8kChFJntupAt19mc,10000000"
"69RitEj6FYrUUrt5kBg6o3BrdFE3Ur3iAs8QfQ14Z8rk,10000000"
"9s1Z3zRdzVSSvcAUfU6ewZ2LhazfEkKgymCtpJRCfW3m,10000000"
"9bqh7uX637RcX1V516AJdouWR2BsHU7FRr5nBPuYe5AW,10000000"
"rXRnZCQG36oJHXjgdNgh8LvWBMET5dNB5bAAT9ZP6fr,10000000"
"DASvH1nKsdjYGghgc1BzoMHTdVHM27X8kWjFYgggx2SS,10000000"
"9fcJeoyHzviuHpkF2rxRZWoocmebp45CBfir19Jpz5jw,10000000"
"5eJSsQ78JYkeJYwQSF8ugJkE4gjHHf44cFWkdZ3Mo4ai,10000000"
"H37wbxDrNAoh1DVGSsEJMkhN3sJfRU8xF9NE5Az12URF,10000000"
"AGJ8F6y43Naa9pLTQiXPijTLEVhoR3Fjiyc2XZPesr6K,10000000"
"9o4rERNF1NJbNN5FrzJkfWrhatvr6fP26TMSHPs83yJW,10000000"
"3rxSMb1zV77ruigewJm4WZGbAe8Z6myhKUtNP2Q5GujJ,10000000"
"BUEpPBgbsr9f7ZjdNuhXWWbmd9U3TEQGgQbd98vk55tC,10000000"
"EgUCdsZ8wrcvr9yuRAM6aarbRAwRya7oX91zcPYazUNi,10000000"
"CqWNQx8Ua75TcQdJQLbjYsvBbQdGPVRMie417FEYTduB,10000000"
"BBtejFHBBa3dSzvbqvJaiF5JUn4r834hSsNwkkpTxF5a,10000000"
"D6tCm7V1d6bnrHi5CR8kri7a2HFyuNt9cpSg2VnDpt3f,10000000"
"BunmYQc12TLwbvyEttm8egwjkW1aMbx5TeKiLdtZNc3z,10000000"
"6GndaUCBCqgc1vGK94Q3ozoeNiRyXJozhRAYWZuvESQj,10000000"
"EKzXWveR22DEhzwnQxvZQnJQp6GnS35KyW9rCpaqU7YG,10000000"
"8eNqDeGY3dGvjHVyot3ZkDbVosV9ofGtPmpa4BgBK8eN,10000000"
"5SkAYNeZRefS1NN9Vz5khP9QpFKRNfFUZmQWZ9yNjKPQ,10000000"
"AAWenS39oUqACqdPhMgCxv5n2n8inBZiDJhEc7NT91ux,10000000"
"AfUXnziwpGg9TDJ9h21ng7FR9oDtubpivq7D338mD8mu,10000000"
"DQh8hz7PdntgkKdciHfQ27356w8kknu7bs9yW5ZbPrBg,10000000"
"5Jc4yFH4y4zSPRPussvZyWqVmPbFoeBvCj8JA9RzQ1G,10000000"
"EZpdne8jBL7G8bRmSN2Bh5dJKozyu2BFnWaNmtvGHBFW,10000000"
"CgbKFbLf7a5cnfDpt9tPL58C3c48W8ge4wtU7uCfLs54,10000000"
"ESzAJLH532wX6RgdvAqepkKjSwBwRMcq1uPvseJkhBxW,10000000"
"BB6fwpndmM8H5QgiavajZBvdc7zFaQTJcvQ5VKWhVWPq,10000000"
"B5R1jiE5WAMFGBFfgiueHAoHHQuQAgmPvTCpXH9Tf4E4,10000000"
"BaWHAcd3DwyJ8xjEFsZpmA2xfY6rT9s9aRf7PUtyK7hf,10000000"
"B1szGkWTivvZZZpEH6wghZNzG6WXSbGDxSRMyWFVhrt2,10000000"
"9qMMb7CKUjWG1gg3TpieDSHZqCcYNFKVG6Pf626Z1tho,10000000"
"7asmcUFkTEduRMtY3XjDJTDHJhKCtEg6p1sqLhDEr4Sg,10000000"
"BCdtoQ3RbKtJZ8doBRkjjumkHZFMR2wP56qb2d8j9137,10000000"
"GhH5aaGMopvy5Z8fnQgbj96FeW3hPmwXa1qzXJq5VF9m,10000000"
"HPpbrQxfGxtgnAKkUPkDENT317rCSvxcgBgXkwDnpYfE,10000000"
"AeTwVxLqJnVexT283JeQVFr3G3dahqzVLWfCDzXta1HU,10000000"
"AycM6uWXLmbCYtBwW54AY5AgCrCxwiDWbNEmHYY6am76,10000000"
"EwuA1KP7DELvoaWtEs6UqBkem1BvPoJUCUwTvVvbKxwG,10000000"
"5vbDy6avxqe32ErtgXhorGubnsY9yPWhBbyKSFQ4fT4,10000000"
"BzFFqbkTGg9EwFHzfmFMnKSPFmbD23rnUuRCfPQDrEBq,10000000"
"EVNWgBUWoh1aBcPyMdvZopeYiq6LWMHarw3W79Cu1DKg,10000000"
"8wzSq5HivgGinycGHE9uwGyM6hgwexEMvaLkMa2VMx4j,10000000"
"9wCqAEMT28Df4DJo3Bd2CGUcjVimXP68BHQYcP3XkRcW,10000000"
"G9cKRvfMhhonRtfATTKj7WYj5oqAf9HeYcnUrQVc6TQs,10000000"
"Br2ifT2Wp2HTNAAr1oh5a1VVmjKTYVmr1NvicVaawSSm,10000000"
"6d7Dyxw8McRMKDUKMnYake33uTDm6avejNN7CcXFH2rj,10000000"
"EM8Afi8NQuspiiYx2H6mAiWCN4LWshqVguFEZjPAgF1g,10000000"
"EZJmgYvWY7hFJB8RLtszbY1ZHLSr4BLrPFQ7xZetmgj,10000000"
"EoCwAXYnDM5Z8qTWGpMF6bKHuNB8u3SxvDqo8SpSPSKz,10000000"
"GmRT4gWxnWinABe46RCS6oKP1J7KvkPkC5iXgwFPi5z2,10000000"
"E9NJErbwyEELDaZpHp7hSeB9vvz5M33KuCwdpaJCX1m5,10000000"
"CEHzmxCXTCALoM4QCSjTe12VeR5dqhkged8a6tp3GdGW,10000000"
"5DaDT4oBDihmTPo33UkTrpKhg9xgSngdad8CCgKXUBHR,10000000"
"AZ9oN6LBty1uWmG5jXaDfSDEw5kACSQ8dEQWr3y21tuz,10000000"
"Dniqi61uWL88o6oadh6z2sRGNhujHEkf2pVGbqX4H6cW,10000000"
"ARsQvPmVSbkRMgtshn6at67JFg4oACWEF7dMWtKKBaoe,10000000"
"GXBsozABB3qeHN5MiCW5cHXg7D58ibxJcDcmDujrFSEf,10000000"
"7MtmKtbXk45648sReRDzNbAtUEZDo9BRF3B7oLxy4rHm,10000000"
"7KDa3WAMhnPHoUptbBGM7AAk2hZQpgokuVxmBuy3xcLU,10000000"
"38MNAU15y4CN3ZNMxvzo7ZXPahxfWQ3sVpmc9iYatEWS,10000000"
"55ppJmMaTp8UGt7aKjqTiYcfEu14dyhiK35qYyBM52cT,10000000"
"6AQHUtgG8fVcVfE9jDHWyirxjLUtZcHXoRfZp2iohVCA,10000000"
